condition,repeat,backward_ms,bind_ms,delay_ms,demand_from_step_ms,forward_end_from_step_ms,forward_ms,late_per_step,migration_ms,moved_MiB,optimizer_and_drain_ms,prepare_ms,ready_from_step_ms,status_ms,step_ms,syscall_end_from_step_ms,syscall_ms,syscall_overlap_backward_ms,syscall_overlap_forward_ms,syscall_start_after_ready_ms,syscall_start_from_step_ms,task_ms,task_start_after_ready_ms,wait_ms
direct,0,57.27285076,0.0,0.0,,,44.02252965,0,0.0,0.0,0.93169656,0.0,,0.0,102.22707697,,0.0,,,,,,,0.0
direct,1,58.6713125,0.0,0.0,,,42.37624691,0,0.0,0.0,0.9541852,0.0,,0.0,102.00174461,,0.0,,,,,,,0.0
direct,2,59.49345714,0.0,0.0,,,43.40499569,0,0.0,0.0,0.96123496,0.0,,0.0,103.85968779,,0.0,,,,,,,0.0
real,0,61.57285587,0.59448403,0.00057581,123.09946788,77.88282109000001,77.88282109000001,0,51.7926871,32.0,1.18231982,5.75766658,17.7613123,0.54121354,140.63799678,69.09846595,44.87779898,0.0,44.87779898,6.45935467,24.22066697,51.7926871,0.0957831,0.04361648
real,1,64.19182249,0.36230677,0.00050858,125.21279842999999,78.10998074,78.10998074,0,50.99195251,32.0,1.1949455,5.77077289,17.33264877,0.52590802,143.49674873,67.88752104,44.31214051,0.0,44.31214051,6.24273176,23.57538053,50.99195251,0.09938606,0.04674126
real,2,59.85554758,0.60897628,0.00044806,120.69958011,76.46457563,76.46457563,0,52.02246346,32.0,1.20748519,5.65696359,15.83264068,0.52384308,137.5276084,67.41690211,45.21147426,0.0,45.21147426,6.37278717,22.20542785,52.02246346,0.09598311,0.04266801
real_vectorized,0,60.59845285,0.36912918,0.00061004,118.80137018,74.24490281,74.24490281,0,51.13474143,32.0,1.13005302,0.18833087,16.92084061,0.52356819,135.97340868,67.61810194,50.02825968,0.0,50.02825968,0.66900165,17.58984226,51.13474143,0.0999391,0.04504226
real_vectorized,1,64.15087024,0.29842365,0.00060463,121.43881067,74.32254386,74.32254386,0,50.19507194,32.0,1.15792664,0.18817538,17.84803708,0.52757943,139.63134074,67.59709274,49.15329373,0.0,49.15329373,0.59576193,18.44379901,50.19507194,0.09740718,0.04657088
real_vectorized,2,63.12170372,0.54099461,0.00062004,120.41464308,74.38080034000001,74.38080034000001,0,50.73341826,32.0,1.21887815,0.18176862,17.80509832,0.5355298,138.72138221,68.08043929,49.44848047,0.0,49.44848047,0.8268605,18.63195882,50.73341826,0.09358961,0.04425348
real_vectorized_delay,0,62.98881341,0.55647407,5.573363,120.37662856,74.20187614,74.20187614,0,56.64811704,32.0,1.22983143,0.21745394,16.55666496,0.54510893,138.42052098,72.74231838,49.72679656,0.11724462000000001,49.608124079999996,6.45885686,23.01552182,56.64811704,0.09932715,0.04314181
real_vectorized_delay,1,63.62082914,0.63400398,5.57090048,117.50670592,70.96088022,70.96088022,0,54.63961253,32.0,1.2060492,0.19841792,16.15394879,0.53509537,135.78775856000001,70.34315942,47.67253828,0.47646533,47.19130957,6.51667235,22.67062114,54.63961253,0.10068717,0.04426641
real_vectorized_delay,2,64.01420040000001,0.46603174,5.57226341,121.94251543,75.053399,75.053399,0,56.41574648,32.0,1.22906262,0.21183758,17.583526720000002,0.54110022,140.29666202,73.53519622,49.59341499,0.03227574,49.56051545,6.35825451,23.94178123,56.41574648,0.0950407,0.04437314
prepare_vectorized,0,58.27234695,0.0,0.00049799,89.40244991,44.06573338,44.06573338,0,0.0,0.0,0.97941829,0.12518085,15.50903622,0.0,103.31749862,,0.0,,,,,0.13809015,0.0973885,0.05001205
prepare_vectorized,1,60.12650649,0.0,0.00050396,93.00805426,46.21170913,46.21170913,0,0.0,0.0,0.98885062,0.11724868000000001,17.07891539,0.0,107.32706624,,0.0,,,,,0.12787748,0.09497085,0.04267397
prepare_vectorized,2,59.67570125,0.0,0.00052751,92.84423191,46.33411693,46.33411693,0,0.0,0.0,0.96054083,0.12014531,16.94942202,0.0,106.97035901,,0.0,,,,,0.13129773,0.09290328,0.04839725
prepare_vectorized_delay,0,58.88116867,0.0,5.57025344,91.06192205,45.301714940000004,45.301714940000004,0,0.0,0.0,0.9428256,0.13121219,16.47161919,0.0,105.12570921,,0.0,,,,,5.71720456,0.09989234,0.04973952
prepare_vectorized_delay,1,59.76614216,0.0,5.56785557,91.23518831,44.61154579,44.61154579,0,0.0,0.0,0.96734025,0.12320441,15.61816454,0.0,105.3450282,,0.0,,,,,5.70542017,0.09512483,0.04492718
prepare_vectorized_delay,2,59.18695838,0.0,5.56874511,90.40175826,44.30594402,44.30594402,0,0.0,0.0,0.94818913,0.11530031,15.32290905,0.0,104.44109153,,0.0,,,,,5.69768454,0.09412032,0.04493747
