condition,repeat,native_cpu_ms,native_gap_ms,native_involuntary,native_noncpu_ms,native_post_ms,native_pre_ms,native_voluntary,native_wall_ms,syscall_ms
1MiB-same_vectorized_native,0,0.14188625,0.011895,1,0.5172549166666667,0.0035255,0.0083695,0.6666666666666666,0.6591411666666667,0.6710361666666667
1MiB-same_vectorized_native,1,0.06877183333333334,0.004688166666666667,1,0.31250075,0.0012436666666666666,0.0034445,0.5833333333333334,0.3812725833333333,0.38596074999999996
1MiB-same_vectorized_native,2,0.05052725,0.003702833333333333,0.5,0.016960333333333334,0.0008979166666666667,0.0028049166666666665,1,0.06748758333333334,0.07119041666666667
1MiB-real_vectorized_native,0,0.6608281666666667,0.010114833333333333,0.5833333333333334,0.02236325,0.004801333333333334,0.0053135,1.0833333333333333,0.6831914166666666,0.69330625
1MiB-real_vectorized_native,1,0.48706716666666666,0.00766625,0.5,0.022233583333333334,0.0034345,0.00423175,1,0.50930075,0.516967
1MiB-real_vectorized_native,2,0.6482750833333333,0.010447833333333333,1,0.024654166666666668,0.004760083333333333,0.00568775,0.08333333333333333,0.67292925,0.6833770833333334
8MiB-same_vectorized_native,0,0.24717541666666668,0.0036095833333333336,1,0.020642833333333332,0.00113875,0.002470833333333333,1,0.26781825000000004,0.2714278333333333
8MiB-same_vectorized_native,1,0.24658658333333333,0.0032875,1,0.016982666666666667,0.0010901666666666666,0.0021973333333333333,0.8333333333333334,0.26356925,0.26685675
8MiB-same_vectorized_native,2,0.2545716666666667,0.00330625,0.5,0.019195416666666666,0.0010574166666666666,0.002248833333333333,1.9166666666666667,0.2737670833333333,0.27707333333333334
8MiB-real_vectorized_native,0,2.854426,0.006913166666666666,0.5,0.21883458333333333,0.0035521666666666666,0.003361,2,3.073260583333333,3.08017375
8MiB-real_vectorized_native,1,3.563818583333333,0.0076191666666666664,0.9166666666666666,0.021554666666666666,0.00354875,0.004070416666666667,0.4166666666666667,3.58537325,3.5929924166666667
8MiB-real_vectorized_native,2,3.559439166666667,0.007190416666666667,0.75,0.018900833333333332,0.0034655833333333335,0.0037248333333333335,0.5833333333333334,3.57834,3.585530416666667
32MiB-same_vectorized_native,0,0.9182659166666667,0.00467675,0.5833333333333334,0.024258583333333333,0.0010870833333333333,0.003589666666666667,1.8333333333333333,0.9425245,0.94720125
32MiB-same_vectorized_native,1,0.9071852499999999,0.00448125,0.6666666666666666,0.01918325,0.00094325,0.003538,1,0.9263685,0.93084975
32MiB-same_vectorized_native,2,0.90737375,0.005334,0.9166666666666666,0.4631343333333333,0.0012668333333333334,0.004067166666666667,0.5833333333333334,1.3705080833333334,1.3758420833333334
32MiB-real_vectorized_native,0,14.73438325,0.0140025,1.1666666666666667,0.8394725,0.007466833333333333,0.006535666666666667,1,15.57385575,15.58785825
32MiB-real_vectorized_native,1,16.630600333333334,0.014706416666666666,1.0833333333333333,0.2782133333333333,0.00834375,0.006362666666666667,0.5,16.908813666666667,16.923520083333333
32MiB-real_vectorized_native,2,16.908827916666667,0.014985666666666666,1.1666666666666667,0.06407275,0.00881625,0.006169416666666667,0.16666666666666666,16.972900666666668,16.987886333333332
