condition,repeat,backward_ms,bind_ms,delay_ms,forward_ms,late_per_step,migration_ms,moved_MiB,native_cpu_ms,native_gap_ms,native_involuntary,native_noncpu_ms,native_post_ms,native_pre_ms,native_voluntary,native_wall_ms,optimizer_and_drain_ms,prepare_ms,status_ms,step_ms,syscall_ms,task_ms,wait_ms
direct,0,57.12403177,0.0,0.0,44.71358865,0,0.0,0.0,,,,,,,,,0.97474366,0.0,0.0,102.81236408,0.0,,0.0
direct,1,58.91772566,0.0,0.0,43.82206566,0,0.0,0.0,,,,,,,,,0.98391927,0.0,0.0,103.72371059,0.0,,0.0
direct,2,57.51908676,0.0,0.0,42.11996271,0,0.0,0.0,,,,,,,,,0.94733851,0.0,0.0,100.58638798,0.0,,0.0
real,0,63.47530913,0.6426769,0.00054406,77.9840274,0,51.71195875,32.0,,,,,,,,,1.21961414,5.71296829,0.52909989,142.67895067,44.80268448,51.71195875,0.04862013
real,1,61.81006645,0.65307615,0.00054683,76.04211424,0,51.43851006,32.0,,,,,,,,,1.14282059,5.72895762,0.53407247,138.99500128,44.49849394,51.43851006,0.04581799
real,2,63.468088,0.46358322,0.00059298,75.92186511999999,0,51.49396194,32.0,,,,,,,,,1.21747286,5.80381871,0.52162972,140.60742598,44.68155731,51.49396194,0.04623774
real_native,0,60.51637425,0.46752123,0.00052397,77.6140435,0,51.66765288,32.0,44.35192482,0.03224874,0.74,0.57328249,0.01514637,0.01710237,9.23,44.92520731,1.13199889,5.65819,0.52992685,139.26241664,44.95745605,51.66765288,0.04426571
real_native,1,63.70029738,0.5567689,0.00049768,77.23355717,0,52.13602716,32.0,44.48326218,0.03282666,0.67,0.65994165,0.01567416,0.0171525,9.65,45.14320383,1.23289591,5.8287338,0.52319327,142.16675046,45.17603049,52.13602716,0.04518261
real_native,2,64.17849062,0.4689941,0.00057956,77.39641293,0,51.40263489,32.0,44.03715222,0.03007351,0.78,0.523589,0.0139098,0.01616371,8.68,44.56074122,1.1971024399999999,5.77296768,0.52272122,142.77200599,44.59081473,51.40263489,0.04943172
real_vectorized,0,62.82510368,0.55020023,0.0006405,74.53071413,0,51.37982327,32.0,,,,,,,,,1.1891418599999999,0.21695154,0.53446726,138.54495967,50.04508976,51.37982327,0.04573625
real_vectorized,1,63.61704007,0.751009,0.00084639,74.20124149,0,51.81696498,32.0,,,,,,,,,1.18273186,0.20200882,0.52537153,139.00101342,50.30838152,51.81696498,0.04722262
real_vectorized,2,62.48230704,0.41992993,0.00055304,72.62636438,0,50.28006096,32.0,,,,,,,,,1.20606401,0.17899133,0.52815043,136.31473543,49.12329157,50.28006096,0.04275773
real_vectorized_native,0,60.03362755,0.78179267,0.00080571,73.75796138,0,51.96268601,32.0,50.13623271,0.03869449,0.73,0.19007295,0.01837421,0.02032028,20.86,50.32630566,1.16247582,0.22637593,0.53009289,134.95406475000001,50.36500015,51.96268601,0.04613363
real_vectorized_native,1,63.23561585,0.6275151,0.00070377,73.32888095,0,51.10258754,32.0,49.43460638,0.03977634,0.78,0.17537297,0.01726129,0.02251505,20.7,49.60997935,1.25236157,0.2230142,0.54015654,137.81685837,49.64975569,51.10258754,0.04363617
real_vectorized_native,2,63.51425493,0.57782595,0.00064496,73.91745849,0,51.50725161,32.0,49.90268097,0.03485845,0.7,0.20845743,0.0154498,0.01940865,21.24,50.1111384,1.2467449,0.19530576,0.53160248,138.67845832,50.14599685,51.50725161,0.04417261
same_vectorized_native,0,58.702081820000004,0.72839672,0.00059306,48.65739001,0,0.0,0.0,4.82762195,0.02572237,0.76,0.13196587,0.00849287,0.0172295,18.3,4.95958782,0.95234235,0.12932875,1.87396845,108.31181418,4.98531019,7.75775127,0.04496252
same_vectorized_native,1,59.98393045,0.45320623,0.00070342,49.57023479,0,0.0,0.0,4.71592689,0.02176044,0.78,0.16561882,0.00719482,0.01456562,18.01,4.88154571,0.94568371,0.127673,1.94373412,110.49984895,4.90330615,7.46786087,0.04549333
same_vectorized_native,2,59.96291868,0.48382271,0.00050368,49.19723946,0,0.0,0.0,4.74378822,0.02024114,0.64,0.15291213,0.00669297,0.01354817,18.21,4.89670035,1.00661991,0.12126371,1.90713845,110.16677805,4.91694149,7.46746033,0.047747
